MASTER_CUST_SEQ,CK,SAV,TD,Loan,ACCOUNTS
16888725,1,0,0,1,2
16888833,2,1,0,1,4
16890265,0,1,0,1,2
16893202,0,1,0,1,2
16894511,0,1,1,0,2
16895181,1,0,1,0,2
16895962,0,2,0,1,3
16895972,0,0,2,0,2
16896238,0,0,2,0,2
16896319,0,0,2,0,2
16896358,0,0,2,0,2
16896397,0,2,0,1,3
16896431,3,3,0,0,6
16896463,1,1,0,0,2
16896467,4,1,0,1,6
16896482,0,0,3,0,3
16896569,1,0,1,0,2
16896602,3,0,0,0,3
16896746,1,0,0,1,2
16896848,0,0,1,1,2
16896874,2,0,1,0,3
16899818,1,1,0,0,2
16899991,0,0,1,1,2
16900122,2,0,0,0,2
16900123,2,0,0,0,2
16900276,0,1,1,0,2
16900659,0,0,1,1,2
16900787,2,0,0,0,2
16900788,2,0,0,0,2
16900850,0,0,3,0,3
16900871,1,0,1,0,2
16900872,1,0,1,0,2
16900940,0,0,2,0,2
16901059,1,0,0,1,2
16901913,1,0,0,1,2
16902369,0,0,2,0,2
16903245,0,1,0,1,2
16906464,2,0,0,0,2
16906974,1,0,1,0,2
16907662,0,1,2,0,3
16907779,0,0,2,0,2
16907870,1,0,1,1,3
16908189,1,1,0,0,2
16908722,1,0,0,1,2
16909753,0,0,2,0,2
16911147,0,0,3,0,3
16911708,0,0,2,0,2
16912436,0,0,1,1,2
16914026,1,0,0,1,2
16916104,0,0,1,1,2
16916134,0,1,0,1,2
16916171,1,0,0,1,2
16916479,0,0,2,0,2
16916561,0,0,2,0,2
16917280,0,0,1,1,2
16917346,1,0,0,1,2
16917520,0,0,1,1,2
16917998,0,0,2,0,2
16918832,0,0,1,1,2
16919046,0,1,1,1,3
16919944,1,0,1,1,3
16920580,1,1,0,0,2
16920785,1,0,0,1,2
16921601,2,0,0,0,2
16922979,0,1,1,0,2
16922981,0,0,1,1,2
16923496,0,0,2,0,2
16923991,0,0,2,0,2
16924004,2,0,0,0,2
16924005,2,0,0,0,2
16924522,1,1,0,0,2
16924741,1,0,1,0,2
16924876,1,0,1,0,2
16925003,0,0,1,1,2
16925474,0,0,1,1,2
16925763,1,0,0,1,2
16926095,0,0,2,0,2
16927131,1,1,0,0,2
16927217,1,0,1,0,2
16927457,0,0,1,1,2
16927599,0,1,0,1,2
16927780,0,0,2,0,2
16928074,1,0,0,1,2
16928213,2,0,0,0,2
16928595,1,0,0,1,2
16928632,1,0,0,1,2
16928920,0,1,0,1,2
16929197,1,0,0,1,2
16929757,1,0,0,1,2
16930273,1,1,0,0,2
16930302,0,0,2,0,2
16930802,0,0,1,1,2
16931031,2,0,0,0,2
16931041,1,0,1,0,2
16931385,0,0,1,1,2
16931759,0,0,2,0,2
16931800,0,0,2,0,2
16931818,0,1,3,0,4
16931842,0,0,2,0,2
16931871,0,0,2,0,2
16932052,1,0,0,1,2
16932752,1,0,0,1,2
16932753,0,1,0,1,2
16932790,1,0,0,1,2
16933239,1,0,1,0,2
16933445,1,0,0,1,2
16933580,1,0,0,1,2
16933650,1,0,0,1,2
16934020,1,0,0,1,2
16934452,0,1,3,0,4
16934797,1,0,0,1,2
16935167,2,0,0,0,2
16935494,2,0,0,0,2
16935681,1,0,0,1,2
16935835,1,0,0,1,2
16936379,1,0,0,1,2
16937095,0,1,2,0,3
16939626,0,0,1,1,2
16939940,0,0,1,1,2
16940097,0,0,2,0,2
16940098,0,0,2,0,2
16940175,1,0,0,1,2
16940221,0,0,1,1,2
16940228,0,0,2,0,2
16940633,0,0,1,1,2
16940653,0,0,2,0,2
16940920,2,0,0,0,2
16941072,1,0,1,0,2
16941098,0,0,1,1,2
16941143,0,0,1,1,2
16941335,1,0,1,0,2
16941723,0,0,2,0,2
16941831,0,1,0,1,2
16941912,0,0,1,1,2
16942127,0,0,2,0,2
16942179,0,0,2,0,2
16942192,1,0,3,1,5
16942307,1,0,1,0,2
16942395,0,0,2,0,2
16942469,1,0,1,0,2
16942552,0,0,2,0,2
16942763,0,0,2,0,2
16942793,3,0,0,0,3
16942824,0,1,0,1,2
16943528,0,0,1,1,2
16943691,0,0,2,0,2
16943963,2,1,0,0,3
16944669,1,1,0,0,2
16945118,1,1,0,0,2
16945294,1,1,0,0,2
16946399,1,1,0,0,2
16947797,0,0,2,0,2
16948475,1,0,0,1,2
16948528,0,0,3,0,3
16948596,0,0,2,0,2
16948609,0,0,4,0,4
16948863,0,0,1,1,2
16949263,0,0,1,1,2
16949300,1,0,0,1,2
16949406,2,0,0,0,2
16949480,0,0,2,0,2
16949920,1,0,1,0,2
16950190,0,0,1,1,2
16950263,0,2,1,0,3
16950459,0,0,1,1,2
16950621,1,0,0,1,2
16951290,1,0,0,1,2
16951612,1,0,0,1,2
16952751,1,1,0,1,3
16952804,1,1,0,0,2
16952868,0,0,2,0,2
16953919,1,0,0,1,2
16955626,0,0,2,0,2
16956110,0,0,2,0,2
16956113,1,1,0,0,2
16956163,0,0,2,0,2
16956246,1,0,1,0,2
16956327,0,0,1,1,2
16956382,0,0,1,1,2
16956390,1,0,0,1,2
16956517,0,0,1,1,2
16956653,0,0,2,0,2
16956823,1,0,3,0,4
16957099,1,0,0,1,2
16957369,0,0,2,0,2
16957473,0,0,3,0,3
16957570,1,0,0,1,2
16957704,0,0,3,0,3
16957766,1,1,0,0,2
16957812,1,0,1,0,2
16957872,0,1,0,1,2
16957887,1,0,1,0,2
16957988,0,0,2,0,2
16958251,1,0,0,1,2
16958545,0,0,1,1,2
16958688,0,0,1,1,2
16959036,1,0,1,1,3
16959710,1,0,0,1,2
16961233,0,0,2,0,2
16963106,0,0,2,0,2
16963171,0,0,2,0,2
16964169,1,1,0,0,2
16964276,0,0,2,0,2
16964466,0,0,1,1,2
16964614,1,1,0,0,2
16964617,0,0,2,0,2
16964827,0,0,1,1,2
16965126,1,1,1,0,3
16965448,1,0,0,1,2
16965769,1,0,1,0,2
16965771,1,1,0,0,2
16965779,0,0,2,0,2
16965808,0,0,1,1,2
16965829,2,0,0,0,2
16965898,0,0,2,0,2
16966025,1,0,0,1,2
16966087,0,2,0,0,2
16966189,0,0,2,0,2
16966430,0,0,2,0,2
16966687,0,1,0,1,2
16966888,2,0,0,0,2
16967210,0,0,2,0,2
16967602,0,0,1,1,2
16968158,0,0,1,1,2
16969139,0,1,0,1,2
16969886,0,1,0,1,2
16970298,1,0,0,1,2
16970380,0,0,1,1,2
16971795,1,0,1,0,2
16971905,1,0,0,1,2
16972029,0,0,5,0,5
16972434,0,0,2,0,2
16972440,0,0,1,1,2
16972445,1,0,0,1,2
16972575,0,0,4,0,4
16972581,0,0,1,1,2
16972957,0,0,1,1,2
16972992,0,0,3,0,3
16973024,1,0,0,1,2
16973187,0,0,1,1,2
16973272,0,0,1,1,2
16973529,1,0,1,0,2
16973582,0,0,1,1,2
16974117,0,0,1,1,2
16974292,1,1,0,0,2
16974686,0,0,1,1,2
16974994,1,0,0,1,2
16975157,1,0,0,1,2
16975527,1,0,0,1,2
16975904,2,1,0,1,4
16975910,1,0,1,1,3
16976396,0,0,2,0,2
16976806,2,0,1,1,4
16976923,1,1,0,0,2
16977740,0,0,1,1,2
16977755,0,0,1,1,2
16979125,0,0,1,1,2
16979285,0,0,2,0,2
16979770,0,0,1,1,2
16979946,0,0,2,0,2
16980063,1,0,0,1,2
16980532,0,0,1,1,2
16980633,0,2,0,1,3
16980740,0,0,2,0,2
16981336,0,0,2,0,2
16981359,1,0,0,1,2
16981586,1,0,0,1,2
16981833,1,0,0,1,2
16982688,1,0,0,1,2
16982756,1,0,0,1,2
16982760,0,0,2,0,2
16983003,0,0,2,0,2
16983446,1,0,0,1,2
16983880,1,1,1,0,3
16983930,1,0,0,1,2
16984254,1,0,0,1,2
16984431,1,0,0,1,2
16984888,1,0,0,1,2
16985184,1,1,0,0,2
16985414,1,0,0,1,2
16985815,1,0,0,1,2
16986025,0,0,2,0,2
16986309,0,0,1,1,2
16986460,2,0,0,0,2
16986463,2,0,0,0,2
16987042,1,1,0,0,2
16987740,1,0,0,1,2
16987790,1,1,0,0,2
16988797,0,0,2,0,2
16988827,1,1,0,0,2
16989001,1,0,0,1,2
16989139,0,0,2,0,2
16989295,0,0,4,0,4
16989299,1,0,0,1,2
16989311,0,0,6,0,6
16989322,1,0,4,0,5
16989327,0,0,1,1,2
16989329,1,0,1,0,2
16989330,0,0,6,0,6
16989331,3,0,4,1,8
16989332,0,2,1,0,3
16989346,0,0,2,0,2
16989347,0,0,2,0,2
16989357,0,1,1,0,2
16989358,1,0,0,1,2
16989360,1,0,0,1,2
16989364,0,2,0,0,2
16989366,0,0,2,0,2
16989367,0,0,1,1,2
16989424,1,0,0,1,2
16989452,0,0,1,1,2
16989459,1,0,0,1,2
16989464,2,0,0,0,2
16989509,0,0,5,0,5
16989513,0,0,1,1,2
16989517,0,0,1,1,2
16989538,0,0,5,0,5
16989541,0,0,7,0,7
16989543,0,0,2,1,3
16989545,1,0,0,1,2
16989556,0,0,5,0,5
16989558,1,0,1,0,2
16989576,0,0,5,0,5
16990024,1,0,0,1,2
16990201,0,0,1,1,2
16990475,0,0,2,0,2
16990519,0,0,1,1,2
16990605,0,0,2,0,2
16991054,1,0,0,1,2
16991084,2,0,0,0,2
16992012,1,0,0,1,2
16992335,3,0,0,0,3
16992337,3,0,0,0,3
16992459,0,0,2,0,2
16993162,0,0,1,1,2
16993528,0,2,0,0,2
16994286,1,0,0,1,2
16994509,2,1,0,1,4
16994744,1,0,0,1,2
16995208,0,0,2,0,2
16995660,1,0,1,0,2
16995695,0,0,2,0,2
16995926,1,0,0,1,2
16996056,0,1,0,1,2
16996146,1,0,2,0,3
16996761,0,0,3,0,3
16996772,1,0,0,1,2
16996932,0,0,2,0,2
16996937,0,0,1,1,2
16887746,0,0,1,0,1
16888103,1,0,0,0,1
16888571,0,0,1,0,1
16888574,0,0,1,0,1
16890085,0,0,1,0,1
16890261,0,0,1,0,1
16890262,0,0,1,0,1
16890518,0,0,1,0,1
16891202,1,0,0,0,1
16892689,0,0,1,0,1
16896010,1,0,0,0,1
16896037,0,0,1,0,1
16896108,0,0,1,0,1
16896205,0,0,1,0,1
16896221,1,0,0,0,1
16896246,1,0,0,0,1
16896329,0,0,1,0,1
16896446,1,0,0,0,1
16896563,0,0,1,0,1
16896565,0,0,1,0,1
16896575,0,0,1,0,1
16896685,0,0,1,0,1
16896921,0,0,1,0,1
16897073,0,0,1,0,1
16897515,1,0,0,0,1
16898595,1,0,0,0,1
16898658,1,0,0,0,1
16898712,1,0,0,0,1
16898986,1,0,0,0,1
16898987,1,0,0,0,1
16899123,1,0,0,0,1
16899168,1,0,0,0,1
16899199,0,0,1,0,1
16899647,1,0,0,0,1
16899977,1,0,0,0,1
16899998,0,0,1,0,1
16900217,1,0,0,0,1
16900218,1,0,0,0,1
16900445,1,0,0,0,1
16900775,1,0,0,0,1
16900808,1,0,0,0,1
16900834,0,0,1,0,1
16901208,1,0,0,0,1
16901511,1,0,0,0,1
16901575,1,0,0,0,1
16901641,1,0,0,0,1
16901791,1,0,0,0,1
16901935,0,1,0,0,1
16902446,1,0,0,0,1
16903047,1,0,0,0,1
16903137,1,0,0,0,1
16903433,1,0,0,0,1
16903633,1,0,0,0,1
16904264,0,0,1,0,1
16905218,1,0,0,0,1
16905219,1,0,0,0,1
16905571,1,0,0,0,1
16905674,1,0,0,0,1
16905990,1,0,0,0,1
16906000,0,0,1,0,1
16906013,1,0,0,0,1
16906111,1,0,0,0,1
16906680,1,0,0,0,1
16907237,1,0,0,0,1
16907640,1,0,0,0,1
16907703,1,0,0,0,1
16908140,1,0,0,0,1
16908185,0,0,1,0,1
16908305,0,0,1,0,1
16908560,0,0,1,0,1
16908909,0,0,1,0,1
16908949,1,0,0,0,1
16908990,1,0,0,0,1
16909445,0,0,1,0,1
16909507,1,0,0,0,1
16909515,0,0,1,0,1
16909553,0,0,1,0,1
16909582,1,0,0,0,1
16909630,1,0,0,0,1
16909780,1,0,0,0,1
16909818,0,0,1,0,1
16910099,1,0,0,0,1
16910640,1,0,0,0,1
16910649,1,0,0,0,1
16910852,0,0,1,0,1
16911510,1,0,0,0,1
16911970,1,0,0,0,1
16911971,0,0,1,0,1
16913065,1,0,0,0,1
16913181,1,0,0,0,1
16913187,1,0,0,0,1
16913826,1,0,0,0,1
16913827,1,0,0,0,1
16914368,1,0,0,0,1
16914648,0,1,0,0,1
16915644,0,1,0,0,1
16915790,1,0,0,0,1
16916090,1,0,0,0,1
16916106,1,0,0,0,1
16916145,1,0,0,0,1
16916206,1,0,0,0,1
16916300,0,0,1,0,1
16916395,0,0,1,0,1
16916404,1,0,0,0,1
16916462,0,0,1,0,1
16916581,0,1,0,0,1
16916614,1,0,0,0,1
16917293,1,0,0,0,1
16917318,1,0,0,0,1
16917353,1,0,0,0,1
16917637,1,0,0,0,1
16918107,1,0,0,0,1
16918354,0,0,1,0,1
16918692,1,0,0,0,1
16918744,1,0,0,0,1
16918846,0,0,1,0,1
16918981,0,0,1,0,1
16919026,0,0,1,0,1
16919134,1,0,0,0,1
16919454,0,1,0,0,1
16920254,0,0,1,0,1
16920471,1,0,0,0,1
16920486,0,0,1,0,1
16921722,0,1,0,0,1
16921858,0,0,1,0,1
16922039,0,1,0,0,1
16922054,1,0,0,0,1
16922394,0,0,1,0,1
16922544,1,0,0,0,1
16922633,1,0,0,0,1
16922656,0,0,1,0,1
16923007,0,0,1,0,1
16923071,0,0,1,0,1
16923147,1,0,0,0,1
16923155,0,1,0,0,1
16923202,1,0,0,0,1
16923295,0,0,1,0,1
16923465,0,0,1,0,1
16923930,0,0,1,0,1
16923945,1,0,0,0,1
16924483,0,0,1,0,1
16925052,0,0,1,0,1
16925089,0,0,1,0,1
16925164,1,0,0,0,1
16925386,0,0,1,0,1
16925435,0,0,1,0,1
16925442,1,0,0,0,1
16925501,0,0,1,0,1
16925889,0,1,0,0,1
16926270,1,0,0,0,1
16926526,1,0,0,0,1
16926878,0,0,1,0,1
16926879,0,0,1,0,1
16926961,1,0,0,0,1
16927361,0,0,1,0,1
16927543,1,0,0,0,1
16927774,1,0,0,0,1
16927829,0,0,1,0,1
16927867,1,0,0,0,1
16928143,1,0,0,0,1
16928284,0,0,1,0,1
16928305,1,0,0,0,1
16929535,1,0,0,0,1
16929866,1,0,0,0,1
16930303,0,0,1,0,1
16930561,1,0,0,0,1
16930748,0,0,1,0,1
16930753,0,0,1,0,1
16930785,0,0,1,0,1
16930804,0,0,1,0,1
16930917,1,0,0,0,1
16931021,0,0,1,0,1
16931146,1,0,0,0,1
16931153,1,0,0,0,1
16931188,1,0,0,0,1
16931189,1,0,0,0,1
16931204,1,0,0,0,1
16931323,1,0,0,0,1
16931331,0,1,0,0,1
16931632,0,1,0,0,1
16931667,1,0,0,0,1
16931690,0,0,1,0,1
16931756,0,1,0,0,1
16932190,1,0,0,0,1
16932340,0,0,1,0,1
16932374,1,0,0,0,1
16932450,0,0,1,0,1
16932525,0,0,1,0,1
16932557,0,1,0,0,1
16932567,0,1,0,0,1
16932604,0,1,0,0,1
16932695,1,0,0,0,1
16933272,1,0,0,0,1
16933361,0,0,1,0,1
16933409,1,0,0,0,1
16933932,1,0,0,0,1
16934076,0,1,0,0,1
16934166,1,0,0,0,1
16934237,0,0,1,0,1
16934696,1,0,0,0,1
16934865,0,0,1,0,1
16934910,0,0,1,0,1
16934978,0,0,1,0,1
16935101,0,0,1,0,1
16935213,1,0,0,0,1
16935611,0,0,1,0,1
16935760,1,0,0,0,1
16935802,1,0,0,0,1
16935889,0,0,1,0,1
16936354,0,0,1,0,1
16936519,1,0,0,0,1
16936744,1,0,0,0,1
16936995,0,1,0,0,1
16937296,1,0,0,0,1
16937572,1,0,0,0,1
16938666,1,0,0,0,1
16939212,1,0,0,0,1
16939252,0,0,1,0,1
16939295,0,0,1,0,1
16939327,1,0,0,0,1
16939370,1,0,0,0,1
16939643,0,0,1,0,1
16939651,1,0,0,0,1
16939766,0,0,1,0,1
16939786,0,0,1,0,1
16939801,1,0,0,0,1
16939898,0,0,1,0,1
16940103,0,1,0,0,1
16940238,1,0,0,0,1
16940285,1,0,0,0,1
16940303,1,0,0,0,1
16940344,0,0,1,0,1
16940792,0,0,1,0,1
16941012,1,0,0,0,1
16941013,1,0,0,0,1
16941512,0,1,0,0,1
16941763,0,0,1,0,1
16941955,1,0,0,0,1
16942010,0,0,1,0,1
16942084,1,0,0,0,1
16942146,1,0,0,0,1
16942196,1,0,0,0,1
16942236,0,0,1,0,1
16942392,0,0,1,0,1
16942540,1,0,0,0,1
16942695,0,0,1,0,1
16942899,0,0,1,0,1
16942936,0,1,0,0,1
16943115,1,0,0,0,1
16943706,1,0,0,0,1
16943907,1,0,0,0,1
16943997,0,1,0,0,1
16944569,0,0,1,0,1
16944590,1,0,0,0,1
16944785,1,0,0,0,1
16944827,0,1,0,0,1
16944863,1,0,0,0,1
16945055,0,0,1,0,1
16945219,0,1,0,0,1
16945271,1,0,0,0,1
16945351,0,1,0,0,1
16945437,1,0,0,0,1
16945824,1,0,0,0,1
16946032,1,0,0,0,1
16946059,1,0,0,0,1
16946380,1,0,0,0,1
16946534,0,0,1,0,1
16946535,0,0,1,0,1
16946571,0,1,0,0,1
16946593,0,1,0,0,1
16946804,0,1,0,0,1
16947228,0,0,1,0,1
16947323,0,1,0,0,1
16947377,1,0,0,0,1
16947733,1,0,0,0,1
16947996,0,0,1,0,1
16948622,1,0,0,0,1
16948802,0,0,1,0,1
16948886,0,0,1,0,1
16949114,1,0,0,0,1
16949299,0,0,1,0,1
16949319,0,0,1,0,1
16949495,0,0,1,0,1
16949568,1,0,0,0,1
16949752,1,0,0,0,1
16950010,0,0,1,0,1
16950033,0,0,1,0,1
16950162,0,1,0,0,1
16950239,0,1,0,0,1
16950270,0,1,0,0,1
16950328,0,0,1,0,1
16950407,1,0,0,0,1
16950604,1,0,0,0,1
16950856,1,0,0,0,1
16951314,0,0,1,0,1
16951354,0,0,1,0,1
16951895,0,0,1,0,1
16952069,1,0,0,0,1
16952310,1,0,0,0,1
16952392,1,0,0,0,1
16952527,1,0,0,0,1
16952977,0,0,1,0,1
16953255,1,0,0,0,1
16953322,1,0,0,0,1
16953977,0,0,1,0,1
16954138,0,0,1,0,1
16954422,1,0,0,0,1
16954567,1,0,0,0,1
16954568,1,0,0,0,1
16954648,0,0,1,0,1
16954906,1,0,0,0,1
16955364,0,0,1,0,1
16955368,0,0,1,0,1
16955451,0,1,0,0,1
16956125,0,1,0,0,1
16956201,0,0,1,0,1
16956553,0,0,1,0,1
16956586,1,0,0,0,1
16956661,0,1,0,0,1
16956761,0,1,0,0,1
16957084,0,1,0,0,1
16957291,1,0,0,0,1
16957425,1,0,0,0,1
16957534,0,0,1,0,1
16957580,0,0,1,0,1
16957650,1,0,0,0,1
16957685,0,0,1,0,1
16957908,0,1,0,0,1
16957970,1,0,0,0,1
16958086,0,1,0,0,1
16958142,0,1,0,0,1
16958273,1,0,0,0,1
16958461,0,1,0,0,1
16958856,1,0,0,0,1
16959734,1,0,0,0,1
16960409,0,1,0,0,1
16960454,0,1,0,0,1
16960621,1,0,0,0,1
16960861,1,0,0,0,1
16960943,1,0,0,0,1
16961473,1,0,0,0,1
16962264,0,1,0,0,1
16962319,0,1,0,0,1
16963145,0,0,1,0,1
16963584,0,0,1,0,1
16963716,0,0,1,0,1
16963847,0,1,0,0,1
16963917,0,0,1,0,1
16964043,0,0,1,0,1
16964086,1,0,0,0,1
16964205,1,0,0,0,1
16964338,0,0,1,0,1
16964898,0,1,0,0,1
16964924,1,0,0,0,1
16964931,1,0,0,0,1
16964965,0,0,1,0,1
16965065,1,0,0,0,1
16965279,0,0,1,0,1
16965368,1,0,0,0,1
16965935,0,0,1,0,1
16966110,0,0,1,0,1
16966496,0,0,1,0,1
16966779,0,1,0,0,1
16966794,0,0,1,0,1
16967008,0,1,0,0,1
16967039,1,0,0,0,1
16967040,1,0,0,0,1
16967170,0,1,0,0,1
16967197,1,0,0,0,1
16967338,1,0,0,0,1
16967545,0,0,1,0,1
16967943,0,0,1,0,1
16968041,1,0,0,0,1
16968067,0,0,1,0,1
16968909,0,1,0,0,1
16968938,1,0,0,0,1
16968949,0,1,0,0,1
16969094,1,0,0,0,1
16969330,1,0,0,0,1
16969487,1,0,0,0,1
16969641,1,0,0,0,1
16969644,1,0,0,0,1
16969718,0,0,1,0,1
16969924,0,0,1,0,1
16970181,1,0,0,0,1
16970192,0,1,0,0,1
16970193,0,1,0,0,1
16970315,1,0,0,0,1
16970398,0,1,0,0,1
16970399,0,1,0,0,1
16970521,1,0,0,0,1
16970522,1,0,0,0,1
16970543,1,0,0,0,1
16970734,1,0,0,0,1
16970915,1,0,0,0,1
16971160,0,0,1,0,1
16971203,1,0,0,0,1
16971224,0,1,0,0,1
16971392,0,0,1,0,1
16971760,1,0,0,0,1
16971972,0,0,1,0,1
16972070,0,0,1,0,1
16972080,1,0,0,0,1
16972189,0,0,1,0,1
16972362,1,0,0,0,1
16972376,0,0,1,0,1
16972475,0,1,0,0,1
16972892,0,0,1,0,1
16973290,1,0,0,0,1
16973327,0,0,1,0,1
16973333,0,0,1,0,1
16973433,0,0,1,0,1
16973640,0,1,0,0,1
16973643,0,0,1,0,1
16973738,0,0,1,0,1
16973747,0,0,1,0,1
16973843,1,0,0,0,1
16973997,1,0,0,0,1
16974003,1,0,0,0,1
16974052,1,0,0,0,1
16974234,0,0,1,0,1
16974791,1,0,0,0,1
16974987,1,0,0,0,1
16975033,1,0,0,0,1
16975185,1,0,0,0,1
16975601,0,0,1,0,1
16976201,1,0,0,0,1
16976237,1,0,0,0,1
16976565,0,1,0,0,1
16976707,1,0,0,0,1
16976767,1,0,0,0,1
16976920,1,0,0,0,1
16976990,0,1,0,0,1
16977023,0,1,0,0,1
16977068,0,1,0,0,1
16977078,1,0,0,0,1
16977219,1,0,0,0,1
16977891,0,1,0,0,1
16978244,0,1,0,0,1
16978436,1,0,0,0,1
16978598,1,0,0,0,1
16979444,0,0,1,0,1
16979477,0,0,1,0,1
16979782,0,0,1,0,1
16979932,0,0,1,0,1
16980135,1,0,0,0,1
16980147,0,0,1,0,1
16980582,1,0,0,0,1
16980703,1,0,0,0,1
16980704,1,0,0,0,1
16980898,0,0,1,0,1
16981006,1,0,0,0,1
16981067,0,0,1,0,1
16981109,0,0,1,0,1
16981131,1,0,0,0,1
16981489,0,0,1,0,1
16981591,0,0,1,0,1
16981608,1,0,0,0,1
16982006,0,0,1,0,1
16982134,1,0,0,0,1
16982161,0,0,1,0,1
16982542,0,0,1,0,1
16982560,1,0,0,0,1
16982563,0,1,0,0,1
16982662,1,0,0,0,1
16983149,1,0,0,0,1
16983790,1,0,0,0,1
16983825,0,1,0,0,1
16983834,0,1,0,0,1
16983975,1,0,0,0,1
16984119,1,0,0,0,1
16984179,1,0,0,0,1
16984510,0,1,0,0,1
16984577,0,1,0,0,1
16984587,0,0,1,0,1
16984708,0,0,1,0,1
16985229,1,0,0,0,1
16985294,1,0,0,0,1
16985593,1,0,0,0,1
16985622,1,0,0,0,1
16985848,1,0,0,0,1
16985912,0,1,0,0,1
16986390,1,0,0,0,1
16986555,0,0,1,0,1
16986613,1,0,0,0,1
16986649,1,0,0,0,1
16986814,0,1,0,0,1
16987288,0,0,1,0,1
16987314,0,0,1,0,1
16987373,1,0,0,0,1
16987471,0,0,1,0,1
16987650,0,0,1,0,1
16987784,0,0,1,0,1
16987827,0,0,1,0,1
16987902,0,0,1,0,1
16988062,1,0,0,0,1
16988220,0,1,0,0,1
16988263,0,0,1,0,1
16988796,1,0,0,0,1
16988835,1,0,0,0,1
16988965,0,0,1,0,1
16989064,1,0,0,0,1
16989155,1,0,0,0,1
16989274,1,0,0,0,1
16989293,0,0,1,0,1
16989300,0,0,1,0,1
16989325,0,0,1,0,1
16989391,1,0,0,0,1
16989397,0,0,1,0,1
16989438,1,0,0,0,1
16989444,1,0,0,0,1
16989565,1,0,0,0,1
16989710,1,0,0,0,1
16989721,0,0,1,0,1
16989790,0,1,0,0,1
16989971,1,0,0,0,1
16990074,0,0,1,0,1
16990177,1,0,0,0,1
16990348,0,0,1,0,1
16990445,1,0,0,0,1
16991221,1,0,0,0,1
16991331,1,0,0,0,1
16991882,1,0,0,0,1
16991905,0,0,1,0,1
16992296,1,0,0,0,1
16992302,0,1,0,0,1
16992369,0,0,1,0,1
16992447,1,0,0,0,1
16992477,0,0,1,0,1
16992666,1,0,0,0,1
16992694,0,1,0,0,1
16992990,1,0,0,0,1
16993127,1,0,0,0,1
16993306,1,0,0,0,1
16993622,1,0,0,0,1
16993624,1,0,0,0,1
16993640,1,0,0,0,1
16994055,0,0,1,0,1
16994208,0,1,0,0,1
16994380,0,1,0,0,1
16994428,1,0,0,0,1
16994446,0,1,0,0,1
16994529,1,0,0,0,1
16994530,1,0,0,0,1
16994577,1,0,0,0,1
16994897,0,0,1,0,1
16994911,0,1,0,0,1
16994987,1,0,0,0,1
16995261,0,1,0,0,1
16995313,1,0,0,0,1
16995465,1,0,0,0,1
16995694,1,0,0,0,1
16995739,1,0,0,0,1
16995987,0,0,1,0,1
16996117,0,0,1,0,1
16996394,1,0,0,0,1
16996405,1,0,0,0,1
16996783,0,0,1,0,1
16996904,0,0,1,0,1
16996948,0,0,1,0,1
16996931,0,0,1,0,1
16922504,0,0,1,0,1
16996905,0,0,1,0,1
16942263,0,0,1,0,1
16968053,0,0,1,0,1
16954728,0,0,1,0,1
16987788,0,0,1,0,1
16928173,0,0,1,0,1
16928231,0,0,1,0,1
16989361,0,0,1,0,1
16989791,0,0,1,0,1
16970910,0,0,1,0,1
16946031,0,0,1,0,1
16953152,0,0,1,0,1
16923268,0,0,1,0,1
16976076,0,1,0,0,1
16952504,0,0,1,0,1
16967540,0,0,1,0,1
16923538,0,0,1,0,1
16932678,0,1,0,0,1
16969031,0,0,1,0,1
16975773,0,1,0,0,1
16934567,0,0,1,0,1
16935009,0,0,1,0,1
16941169,0,0,1,0,1
16929015,0,0,1,0,1
16995288,0,0,1,0,1
16967850,0,0,1,0,1
16923788,0,0,1,0,1
16975342,0,1,0,0,1
16929688,0,0,1,0,1
16929703,1,0,0,0,1
16933096,0,0,1,0,1
16969812,1,0,0,0,1
16975216,0,0,1,0,1
16924243,0,0,1,0,1
16994570,1,0,0,0,1
16988468,0,1,0,0,1
16924289,0,0,1,0,1
16994360,0,1,0,0,1
16930899,1,0,0,0,1
16971981,0,1,0,0,1
16924408,1,0,0,0,1
16956046,0,0,1,0,1
16988063,0,0,1,0,1
16967590,0,1,0,0,1
16941771,0,0,1,0,1
16935197,0,1,0,0,1
16990532,1,0,0,0,1
16955962,0,0,1,0,1
16946443,0,0,1,0,1
16944446,0,0,1,0,1
16931377,0,0,1,0,1
16926947,0,0,1,0,1
16952117,0,0,1,0,1
16933688,1,0,0,0,1
16993485,0,0,1,0,1
16967198,0,0,1,0,1
16933741,0,0,1,0,1
16927393,0,0,1,0,1
16988823,1,0,0,0,1
16989395,1,0,0,0,1
16992909,0,0,1,0,1
16948754,0,0,1,0,1
16968238,0,1,0,0,1
16932184,0,0,1,0,1
16987670,0,0,1,0,1
16935758,1,0,0,0,1
16951721,0,0,1,0,1
16966773,0,0,1,0,1
16987092,1,0,0,0,1
16966585,0,0,1,0,1
16966407,0,0,1,0,1
16986779,0,1,0,0,1
16936304,1,0,0,0,1
16945787,0,0,1,0,1
16890570,0,0,1,0,1
16985594,0,0,1,0,1
16890684,0,0,1,0,1
16984816,0,1,0,0,1
16896020,0,0,1,0,1
16896323,0,0,1,0,1
16950434,0,0,1,0,1
16896729,0,0,1,0,1
16983413,0,0,1,0,1
16900337,1,0,0,0,1
16939693,0,0,1,0,1
16963980,0,1,0,0,1
16963715,0,1,0,0,1
16901454,1,0,0,0,1
16913182,0,1,0,0,1
16939775,0,1,0,0,1
16901576,1,0,0,0,1
16945870,1,0,0,0,1
16903244,1,0,0,0,1
16981995,0,0,1,0,1
16904333,1,0,0,0,1
16904892,0,0,1,0,1
16940286,0,0,1,0,1
16908613,0,0,1,0,1
16908866,0,0,1,0,1
16909114,0,1,0,0,1
16980597,0,0,1,0,1
16910779,0,1,0,0,1
16912219,0,1,0,0,1
16913897,0,0,1,0,1
16915159,0,0,1,0,1
16915571,0,1,0,0,1
16979214,0,0,1,0,1
16916866,0,1,0,0,1
16917644,1,0,0,0,1
16918272,1,0,0,0,1
16978595,0,0,1,0,1
16918760,0,1,0,0,1
16978380,0,0,1,0,1
16978068,0,0,1,0,1
16920002,0,1,0,0,1
16977541,0,1,0,0,1
16920066,0,0,1,0,1
16920236,0,0,1,0,1
16921412,0,0,1,0,1
16972629,1,0,0,1,2
16942547,1,1,0,0,2
16930227,0,0,1,1,2
16990802,0,0,1,1,2
16943294,1,1,0,0,2
16990546,0,2,0,0,2
16931096,0,1,1,0,2
16943484,0,1,1,0,2
16990292,0,0,1,1,2
16990266,2,0,0,0,2
16990223,1,0,1,0,2
16990162,2,0,0,0,2
16943775,2,0,0,0,2
16943813,1,1,0,0,2
16931554,0,2,0,0,2
16932201,0,0,1,1,2
16932458,0,2,0,0,2
16932614,0,2,0,0,2
16970909,0,2,0,0,2
16932642,0,0,1,1,2
16932645,1,1,0,0,2
16989542,0,0,1,1,2
16989507,1,1,0,0,2
16943903,0,2,0,0,2
16947227,0,0,1,1,2
16954070,1,0,1,0,2
16969742,0,1,0,1,2
16933208,2,0,0,0,2
16953743,0,2,0,0,2
16933403,0,1,1,0,2
16953192,1,1,0,0,2
16989390,1,1,0,0,2
16969271,0,0,1,1,2
16933909,0,0,1,1,2
16934015,0,1,1,0,2
16969132,1,1,0,0,2
16969014,0,1,1,0,2
16968939,2,0,0,0,2
16968842,2,0,0,0,2
16953003,2,0,0,0,2
16934495,1,0,0,1,2
16968711,1,0,1,0,2
16968687,1,0,1,0,2
16988979,0,0,1,1,2
16968051,0,1,1,0,2
16968031,1,0,0,1,2
16949113,0,2,0,0,2
16944575,1,1,0,0,2
16967574,0,1,0,1,2
16988268,1,0,0,1,2
16935181,0,0,1,1,2
16935207,2,0,0,0,2
16947839,1,0,0,1,2
16947527,0,1,0,1,2
16967160,0,0,1,1,2
16976678,1,0,0,1,2
16940716,1,1,0,0,2
16951885,0,0,1,1,2
16947963,0,0,1,1,2
16951750,0,0,1,1,2
16935947,1,0,0,1,2
16996861,0,0,1,1,2
16935996,0,0,1,1,2
16922663,0,0,1,1,2
16987341,0,1,1,0,2
16922781,1,1,0,0,2
16996749,1,1,0,0,2
16986926,1,0,1,0,2
16966484,1,1,0,0,2
16945063,1,0,0,1,2
16996748,0,0,1,1,2
16996734,1,0,0,1,2
16936237,1,1,0,0,2
16986685,2,0,0,0,2
16986443,0,0,1,1,2
16966286,1,1,0,0,2
16945218,1,0,0,1,2
16986391,1,0,0,1,2
16986348,0,0,1,1,2
16923026,1,0,1,0,2
16966231,0,0,1,1,2
16986190,1,0,1,0,2
16923055,0,2,0,0,2
16937129,0,0,1,1,2
16887848,1,0,1,0,2
16888153,1,1,0,0,2
16938290,0,1,0,1,2
16985990,0,0,1,1,2
16965818,0,1,1,0,2
16985880,1,1,0,0,2
16889125,0,0,1,1,2
16985664,0,1,0,1,2
16965778,0,1,1,0,2
16923401,0,0,1,1,2
16890672,1,0,0,1,2
16923433,0,0,1,1,2
16965558,0,1,1,0,2
16996380,1,0,0,1,2
16965303,0,0,1,1,2
16891158,2,0,0,0,2
16984948,1,0,0,1,2
16894389,2,0,0,0,2
16975905,0,2,0,0,2
16965256,0,1,1,0,2
16895968,0,1,0,1,2
16996071,0,1,0,1,2
16896302,1,0,0,1,2
16964936,0,1,0,1,2
16938510,1,0,1,0,2
16984294,0,1,0,1,2
16938781,2,0,0,0,2
16995970,0,1,0,1,2
16948803,1,1,0,0,2
16984191,2,0,0,0,2
16896383,1,1,0,0,2
16958455,0,1,1,0,2
16896496,1,1,0,0,2
16984039,2,0,0,0,2
16984030,0,2,0,0,2
16964417,0,0,1,1,2
16983792,1,1,0,0,2
16896549,1,0,0,1,2
16896692,0,0,1,1,2
16995114,0,2,0,0,2
16899250,0,0,1,1,2
16900114,0,2,0,0,2
16964233,0,2,0,0,2
16939621,1,1,0,0,2
16975313,1,0,0,1,2
16900115,0,2,0,0,2
16924124,0,0,1,1,2
16900442,0,2,0,0,2
16900697,1,0,0,1,2
16958292,2,0,0,0,2
16958243,1,1,0,0,2
16901003,1,0,0,1,2
16957969,0,0,1,1,2
16901172,0,0,1,1,2
16963697,1,1,0,0,2
16901237,0,2,0,0,2
16994327,1,0,1,0,2
16974830,1,0,1,0,2
16887457,1,1,0,0,2
16924636,0,0,1,1,2
16925956,1,0,1,0,2
16902565,0,2,0,0,2
16902566,0,1,1,0,2
16982439,1,1,0,0,2
16902917,2,0,0,0,2
16925962,1,0,0,1,2
16903545,2,0,0,0,2
16903588,0,0,1,1,2
16903888,2,0,0,0,2
16993904,0,2,0,0,2
16926028,1,0,1,0,2
16974144,0,1,1,0,2
16905420,0,0,1,1,2
16905684,0,2,0,0,2
16906200,0,0,1,1,2
16906375,1,1,0,0,2
16907706,1,0,0,1,2
16940100,1,0,0,1,2
16962438,0,1,1,0,2
16957493,0,0,1,1,2
16907830,1,1,0,0,2
16962329,0,0,1,1,2
16981202,0,2,0,0,2
16908496,0,1,0,1,2
16926805,0,1,0,1,2
16980916,1,1,0,0,2
16973960,0,1,0,1,2
16980660,0,0,1,1,2
16980619,0,0,1,1,2
16957381,1,1,0,0,2
16993410,0,0,1,1,2
16962245,0,2,0,0,2
16962207,2,0,0,0,2
16909455,0,1,0,1,2
16909568,2,0,0,0,2
16957280,0,0,1,1,2
16911562,1,0,1,0,2
16927729,0,0,1,1,2
16912322,0,0,1,1,2
16912998,1,1,0,0,2
16901510,0,0,1,1,2
16940388,1,0,0,1,2
16961748,1,1,0,0,2
16973404,2,0,0,0,2
16913927,0,0,1,1,2
16915158,2,0,0,0,2
16927751,0,1,1,0,2
16979674,1,0,0,1,2
16928016,0,0,1,1,2
16960978,0,1,0,1,2
16960974,0,2,0,0,2
16915622,0,0,1,1,2
16916458,0,1,0,1,2
16992537,1,0,1,0,2
16979135,1,0,0,1,2
16916580,1,0,1,0,2
16928017,1,1,0,0,2
16917534,2,0,0,0,2
16942451,0,0,1,1,2
16973075,1,0,1,0,2
16978623,0,2,0,0,2
16978596,1,1,0,0,2
16942511,0,0,1,1,2
16918743,1,0,0,1,2
16992210,2,0,0,0,2
16919133,0,0,1,1,2
16928705,1,0,0,1,2
16928802,0,1,1,0,2
16956360,1,0,1,0,2
16940403,1,0,1,0,2
16977609,1,0,0,1,2
16992013,0,0,1,1,2
16928972,0,2,0,0,2
16928989,1,0,1,0,2
16940583,2,0,0,0,2
16920305,1,1,0,0,2
16920690,0,0,1,1,2
16921278,0,2,0,0,2
16972698,2,0,0,0,2
16921698,0,1,0,1,2
16922062,0,0,1,1,2
16940597,1,1,0,0,2
16976879,1,0,0,1,2
16959326,0,0,1,1,2
16977109,2,0,1,0,3
16931639,1,0,1,1,3
16996862,2,1,0,0,3
16931511,2,0,0,1,3
16931154,0,1,1,1,3
16931020,2,0,0,1,3
16930262,2,0,0,1,3
16996541,0,2,1,0,3
16996526,3,0,0,0,3
16929906,1,2,0,0,3
16929874,1,0,2,0,3
16996437,1,2,0,0,3
16929384,1,2,0,0,3
16996252,1,0,2,0,3
16976256,2,0,1,0,3
16929189,2,0,0,1,3
16976122,1,1,1,0,3
16976103,2,1,0,0,3
16976061,3,0,0,0,3
16976000,2,1,0,0,3
16928690,1,0,2,0,3
16994877,1,2,0,0,3
16928148,0,2,0,1,3
16928147,1,0,2,0,3
16928087,0,1,1,1,3
16927987,1,0,2,0,3
16927986,0,1,1,1,3
16975240,0,1,2,0,3
16927698,0,2,1,0,3
16975046,2,0,0,1,3
16927313,2,0,0,1,3
16974731,2,0,0,1,3
16974602,2,1,0,0,3
16926999,1,0,2,0,3
16993901,1,0,1,1,3
16993779,0,1,2,0,3
16925547,1,1,0,1,3
16993650,0,2,0,1,3
16925489,3,0,0,0,3
16925372,0,2,0,1,3
16924800,3,0,0,0,3
16924592,3,0,0,0,3
16924166,0,2,1,0,3
16923988,1,1,0,1,3
16923475,1,2,0,0,3
16923294,1,1,1,0,3
16923285,1,0,1,1,3
16973425,0,2,1,0,3
16923232,2,0,0,1,3
16992498,0,1,1,1,3
16992494,1,1,1,0,3
16922676,2,1,0,0,3
16922376,0,1,2,0,3
16922201,2,0,0,1,3
16973161,2,0,1,0,3
16992183,2,0,0,1,3
16921251,1,0,1,1,3
16920619,0,1,2,0,3
16920391,0,1,1,1,3
16920194,0,1,2,0,3
16920193,1,2,0,0,3
16972829,0,2,1,0,3
16919900,1,1,1,0,3
16972751,2,0,0,1,3
16972736,3,0,0,0,3
16919869,1,0,1,1,3
16919768,1,1,0,1,3
16919340,1,0,2,0,3
16972192,2,0,0,1,3
16990619,3,0,0,0,3
16990618,0,1,1,1,3
16918646,0,2,1,0,3
16917837,1,1,0,1,3
16917166,1,0,1,1,3
16990396,0,1,2,0,3
16990309,1,1,1,0,3
16915849,1,1,1,0,3
16990037,3,0,0,0,3
16914367,1,1,0,1,3
16913928,1,2,0,0,3
16913851,2,0,0,1,3
16913221,1,1,1,0,3
16913032,1,1,1,0,3
16989852,2,1,0,0,3
16913031,2,1,0,0,3
16989711,0,1,2,0,3
16989658,0,2,0,1,3
16911646,2,0,0,1,3
16911458,0,1,2,0,3
16910218,2,1,0,0,3
16909458,2,0,0,1,3
16909436,1,2,0,0,3
16970918,1,1,0,1,3
16908456,0,1,1,1,3
16908298,0,2,0,1,3
16907831,1,2,0,0,3
16907570,1,0,1,1,3
16989447,2,1,0,0,3
16989442,0,1,1,1,3
16989441,1,2,0,0,3
16970429,0,2,1,0,3
16989413,0,2,1,0,3
16906598,0,1,1,1,3
16969898,1,1,0,1,3
16989371,1,1,1,0,3
16906597,0,2,0,1,3
16989344,1,1,0,1,3
16989318,2,1,0,0,3
16989317,1,2,0,0,3
16904821,0,2,1,0,3
16989273,1,2,0,0,3
16904725,1,1,0,1,3
16904641,0,2,0,1,3
16969643,2,0,1,0,3
16902377,1,0,2,0,3
16902038,1,1,1,0,3
16988822,3,0,0,0,3
16901645,0,2,0,1,3
16988801,2,0,1,0,3
16969307,0,1,2,0,3
16901469,0,2,0,1,3
16901346,1,1,1,0,3
16988524,0,1,2,0,3
16901207,0,2,0,1,3
16988360,2,0,1,0,3
16988302,0,2,0,1,3
16900981,2,0,1,0,3
16900543,1,0,1,1,3
16968019,1,1,1,0,3
16899997,0,2,0,1,3
16968007,2,0,1,0,3
16988015,2,0,1,0,3
16899333,2,0,0,1,3
16987698,1,0,2,0,3
16967553,2,0,0,1,3
16896913,2,0,0,1,3
16896810,1,2,0,0,3
16896753,0,2,0,1,3
16987491,0,1,1,1,3
16896498,0,1,1,1,3
16896261,1,2,0,0,3
16896216,1,0,2,0,3
16967130,0,2,1,0,3
16896129,1,0,2,0,3
16966965,1,2,0,0,3
16894463,0,1,2,0,3
16986900,2,0,1,0,3
16892300,3,0,0,0,3
16890638,1,1,0,1,3
16890494,0,2,0,1,3
16986429,1,0,1,1,3
16888914,0,2,0,1,3
16888611,2,1,0,0,3
16888151,1,1,1,0,3
16888032,2,1,0,0,3
16888031,0,1,1,1,3
16985995,0,1,1,1,3
16985994,0,1,1,1,3
16965921,0,1,1,1,3
16964923,2,1,0,0,3
16964917,0,2,1,0,3
16964876,0,1,1,1,3
16964450,1,0,2,0,3
16964196,2,1,0,0,3
16963999,0,2,1,0,3
16985127,2,1,0,0,3
16963443,3,0,0,0,3
16963348,2,0,0,1,3
16962513,1,1,1,0,3
16962434,0,1,2,0,3
16961766,2,0,0,1,3
16960357,2,0,1,0,3
16960241,0,1,2,0,3
16959573,1,0,1,1,3
16984272,1,0,1,1,3
16959186,0,1,1,1,3
16959033,2,1,0,0,3
16958541,1,1,1,0,3
16957690,1,2,0,0,3
16957090,0,1,2,0,3
16956873,1,0,1,1,3
16956792,1,2,0,0,3
16956691,3,0,0,0,3
16956103,0,2,1,0,3
16956008,2,0,1,0,3
16983551,3,0,0,0,3
16955817,0,2,0,1,3
16955641,1,0,2,0,3
16955175,2,0,1,0,3
16955122,0,1,1,1,3
16954551,2,1,0,0,3
16954488,1,0,2,0,3
16953677,1,1,1,0,3
16983191,1,1,0,1,3
16953377,2,0,0,1,3
16952918,1,1,1,0,3
16952654,2,1,0,0,3
16952187,0,1,1,1,3
16951851,2,0,0,1,3
16951422,1,1,1,0,3
16951178,0,1,2,0,3
16950884,1,0,2,0,3
16950516,1,1,0,1,3
16950172,2,1,0,0,3
16949879,1,0,1,1,3
16949630,0,2,0,1,3
16949437,3,0,0,0,3
16982314,0,1,1,1,3
16949214,0,1,2,0,3
16949131,1,1,0,1,3
16949004,2,1,0,0,3
16948969,3,0,0,0,3
16924546,2,0,0,1,3
16981778,1,0,1,1,3
16948218,0,2,0,1,3
16947676,1,0,2,0,3
16947273,2,0,1,0,3
16945558,1,0,1,1,3
16945270,0,2,0,1,3
16944872,2,0,0,1,3
16944315,2,1,0,0,3
16943868,1,1,1,0,3
16981339,1,0,1,1,3
16943504,1,1,1,0,3
16943116,0,2,0,1,3
16942770,1,0,1,1,3
16942726,1,2,0,0,3
16980536,1,0,1,1,3
16942491,0,2,0,1,3
16942145,0,1,2,0,3
16980304,1,2,0,0,3
16941889,0,2,1,0,3
16941740,1,0,2,0,3
16941465,1,2,0,0,3
16980209,3,0,0,0,3
16980168,2,0,1,0,3
16941450,1,0,2,0,3
16941398,1,0,2,0,3
16941112,1,0,2,0,3
16941110,2,1,0,0,3
16941039,0,1,2,0,3
16940417,2,0,0,1,3
16940394,1,1,0,1,3
16939642,0,2,1,0,3
16938116,2,0,0,1,3
16938052,0,1,2,0,3
16979377,2,1,0,0,3
16937201,0,1,2,0,3
16937080,1,1,0,1,3
16936874,1,0,1,1,3
16978748,1,1,0,1,3
16936603,2,1,0,0,3
16978731,0,1,1,1,3
16935467,1,1,1,0,3
16978439,1,1,1,0,3
16978403,0,2,1,0,3
16934429,1,1,0,1,3
16934314,1,0,2,0,3
16977429,0,1,1,1,3
16933378,1,1,0,1,3
16933065,0,2,1,0,3
16932836,0,2,1,0,3
16932591,0,1,1,1,3
16931825,3,0,0,0,3
16959138,2,0,2,0,4
16934670,2,0,1,1,4
16996815,1,1,1,1,4
16934653,3,0,0,1,4
16934652,2,1,0,1,4
16996716,2,0,2,0,4
16952866,1,1,2,0,4
16996448,0,1,2,1,4
16952988,2,2,0,0,4
16996072,2,0,2,0,4
16995546,1,2,0,1,4
16934490,0,2,2,0,4
16956710,0,2,2,0,4
16995038,0,2,2,0,4
16995010,2,2,0,0,4
16994986,1,1,2,0,4
16953088,1,2,0,1,4
16953290,0,2,1,1,4
16994774,2,2,0,0,4
16994463,2,1,0,1,4
16953500,0,1,2,1,4
16954649,3,0,0,1,4
16944684,2,0,1,1,4
16933461,2,0,1,1,4
16994121,0,2,2,0,4
16947776,2,2,0,0,4
16944893,0,2,1,1,4
16933288,2,1,0,1,4
16954000,2,0,2,0,4
16993585,1,2,1,0,4
16933097,1,2,1,0,4
16954301,2,2,0,0,4
16993356,1,0,2,1,4
16933088,3,0,0,1,4
16993276,0,2,2,0,4
16944892,1,2,1,0,4
16928451,2,0,1,1,4
16932914,2,1,1,0,4
16992593,1,0,2,1,4
16932770,2,0,1,1,4
16992440,3,1,0,0,4
16928487,3,0,1,0,4
16954603,3,0,1,0,4
16992361,0,2,1,1,4
16929708,3,0,1,0,4
16992103,0,1,2,1,4
16954613,0,2,2,0,4
16921234,3,0,1,0,4
16922100,2,0,2,0,4
16956108,2,0,2,0,4
16943015,1,2,1,0,4
16991091,3,0,0,1,4
16991036,1,1,2,0,4
16991034,0,1,2,1,4
16932191,2,0,2,0,4
16990798,1,1,1,1,4
16990703,3,0,0,1,4
16990534,3,0,0,1,4
16922248,1,2,0,1,4
16922501,2,2,0,0,4
16990113,3,0,0,1,4
16990008,1,2,1,0,4
16990007,3,0,0,1,4
16959245,1,2,0,1,4
16956180,2,0,2,0,4
16932027,2,1,0,1,4
16989761,1,1,2,0,4
16989577,0,2,2,0,4
16989555,1,1,2,0,4
16942996,2,0,2,0,4
16931984,1,1,2,0,4
16920521,2,2,0,0,4
16920473,1,1,1,1,4
16989475,2,1,1,0,4
16942909,3,0,0,1,4
16989465,1,2,0,1,4
16959184,3,0,0,1,4
16983059,0,2,2,0,4
16920346,3,1,0,0,4
16989373,2,0,1,1,4
16920167,2,1,0,1,4
16919933,0,2,1,1,4
16942892,0,1,2,1,4
16959055,3,1,0,0,4
16942746,0,1,2,1,4
16989023,0,2,1,1,4
16988990,1,2,1,0,4
16919339,2,2,0,0,4
16919117,2,1,1,0,4
16988740,1,1,1,1,4
16960459,2,2,0,0,4
16958948,1,1,1,1,4
16988299,1,2,0,1,4
16947328,2,1,1,0,4
16918585,2,2,0,0,4
16988098,0,2,2,0,4
16988049,0,2,1,1,4
16987728,1,0,2,1,4
16918558,2,1,1,0,4
16987692,3,0,1,0,4
16987657,3,0,1,0,4
16960512,2,1,0,1,4
16987480,0,1,2,1,4
16918151,1,1,2,0,4
16942686,3,0,1,0,4
16942653,1,1,2,0,4
16987374,3,1,0,0,4
16916754,2,1,1,0,4
16986903,2,1,0,1,4
16943276,2,1,1,0,4
16923292,1,2,0,1,4
16986442,1,1,1,1,4
16960779,2,0,2,0,4
16916421,2,1,1,0,4
16986189,2,1,0,1,4
16986149,2,0,1,1,4
16916208,0,1,2,1,4
16916146,1,1,2,0,4
16915858,1,2,1,0,4
16985650,1,1,1,1,4
16929687,1,2,1,0,4
16985621,1,2,0,1,4
16985328,3,0,1,0,4
16931642,0,2,2,0,4
16915824,3,1,0,0,4
16960984,0,1,2,1,4
16923423,3,0,0,1,4
16958606,0,2,1,1,4
16944534,1,1,2,0,4
16984517,1,2,1,0,4
16915392,0,2,1,1,4
16984413,1,1,2,0,4
16984269,3,1,0,0,4
16984244,2,1,0,1,4
16923584,2,0,2,0,4
16954998,2,1,0,1,4
16961017,2,0,2,0,4
16983920,2,2,0,0,4
16983731,0,2,2,0,4
16944134,3,0,0,1,4
16923716,3,0,0,1,4
16923741,2,0,2,0,4
16961120,1,0,2,1,4
16983422,3,0,0,1,4
16983393,3,1,0,0,4
16983359,2,0,2,0,4
16983295,1,1,2,0,4
16983268,2,0,2,0,4
16983207,2,0,1,1,4
16983186,2,2,0,0,4
16914402,2,1,0,1,4
16983148,1,1,1,1,4
16983118,1,1,1,1,4
16943482,1,2,1,0,4
16914029,1,0,2,1,4
16961420,0,1,2,1,4
16982868,2,1,0,1,4
16961506,2,1,1,0,4
16982767,1,0,2,1,4
16913790,2,2,0,0,4
16982601,1,2,0,1,4
16913789,3,0,1,0,4
16924192,0,2,2,0,4
16982133,2,1,0,1,4
16928843,3,1,0,0,4
16924288,3,1,0,0,4
16957958,1,2,1,0,4
16908716,2,1,1,0,4
16981664,1,1,1,1,4
16948362,0,2,1,1,4
16948169,1,0,2,1,4
16981482,1,2,0,1,4
16981366,1,1,2,0,4
16981357,3,0,1,0,4
16981347,3,0,1,0,4
16912783,1,1,2,0,4
16981028,1,2,1,0,4
16980877,1,1,2,0,4
16962089,2,1,0,1,4
16949603,2,1,0,1,4
16910680,1,1,2,0,4
16910654,3,0,0,1,4
16910592,1,0,2,1,4
16910445,0,2,2,0,4
16910267,2,0,1,1,4
16980018,1,2,1,0,4
16942248,0,2,2,0,4
16929477,1,2,1,0,4
16942165,1,0,2,1,4
16948617,2,0,1,1,4
16962274,1,1,2,0,4
16948203,1,2,0,1,4
16935720,0,2,2,0,4
16962328,0,2,1,1,4
16942032,1,1,1,1,4
16924635,0,2,1,1,4
16908344,0,1,2,1,4
16978732,2,1,1,0,4
16942006,1,1,1,1,4
16978027,2,0,2,0,4
16941949,0,2,2,0,4
16977396,2,0,2,0,4
16928875,1,0,2,1,4
16907426,1,2,0,1,4
16924846,3,1,0,0,4
16907425,1,2,0,1,4
16924871,1,2,1,0,4
16976961,0,1,2,1,4
16906776,1,2,1,0,4
16906666,2,1,1,0,4
16976713,3,0,1,0,4
16941891,2,0,2,0,4
16976394,1,2,1,0,4
16976333,1,2,0,1,4
16976172,0,1,2,1,4
16947160,1,2,1,0,4
16906478,0,2,2,0,4
16931131,3,0,0,1,4
16975467,1,0,2,1,4
16962766,0,2,2,0,4
16906239,1,2,0,1,4
16975062,2,0,2,0,4
16931097,0,1,2,1,4
16906201,1,1,1,1,4
16906107,2,0,1,1,4
16905991,3,1,0,0,4
16925103,2,1,0,1,4
16905510,0,1,2,1,4
16931082,2,0,1,1,4
16974023,2,1,1,0,4
16904891,1,1,1,1,4
16949751,0,1,2,1,4
16941770,1,1,2,0,4
16973728,1,0,2,1,4
16973380,2,0,2,0,4
16973354,1,2,0,1,4
16904482,2,1,0,1,4
16925272,1,2,1,0,4
16973124,2,0,2,0,4
16904428,0,1,2,1,4
16962983,1,2,1,0,4
16925279,3,1,0,0,4
16904092,2,1,1,0,4
16963038,0,2,2,0,4
16972634,3,0,1,0,4
16972576,2,0,2,0,4
16972329,0,2,1,1,4
16903523,2,1,1,0,4
16902690,1,2,0,1,4
16957649,1,1,2,0,4
16971880,1,1,2,0,4
16902451,2,0,1,1,4
16971842,1,1,2,0,4
16941737,0,2,2,0,4
16971560,3,1,0,0,4
16901709,2,2,0,0,4
16901528,1,2,1,0,4
16949298,2,0,1,1,4
16963562,0,2,2,0,4
16946940,1,0,2,1,4
16901047,0,2,2,0,4
16900988,0,2,2,0,4
16941364,3,1,0,0,4
16941291,1,2,1,0,4
16899443,2,0,2,0,4
16970503,1,0,2,1,4
16969923,2,2,0,0,4
16969808,2,1,1,0,4
16969727,0,1,2,1,4
16899295,1,1,1,1,4
16899169,0,2,1,1,4
16899124,2,2,0,0,4
16969497,1,0,2,1,4
16896875,2,2,0,0,4
16969237,1,1,2,0,4
16896539,2,2,0,0,4
16969137,1,2,1,0,4
16896534,2,1,1,0,4
16956067,1,1,1,1,4
16941123,1,0,2,1,4
16967664,2,1,0,1,4
16967543,1,2,1,0,4
16896457,2,1,1,0,4
16896338,0,2,2,0,4
16967230,1,1,1,1,4
16896273,3,0,0,1,4
16896156,0,1,2,1,4
16946089,2,2,0,0,4
16896046,1,2,1,0,4
16966882,3,0,1,0,4
16930894,1,0,2,1,4
16966408,2,1,1,0,4
16896036,3,0,0,1,4
16966249,3,0,0,1,4
16965095,0,1,2,1,4
16966222,1,1,2,0,4
16895971,0,2,2,0,4
16965273,0,1,2,1,4
16949945,1,1,2,0,4
16893784,2,1,0,1,4
16940516,2,0,2,0,4
16965286,3,1,0,0,4
16927629,1,0,2,1,4
16890535,1,2,1,0,4
16940759,1,1,2,0,4
16940717,3,0,0,1,4
16927827,0,2,2,0,4
16949885,1,0,2,1,4
16927884,2,1,1,0,4
16965993,0,2,2,0,4
16943935,0,2,1,1,4
16940095,3,0,1,0,4
16956927,1,2,0,1,4
16948769,1,1,1,1,4
16939251,3,1,0,0,4
16939081,2,0,2,0,4
16928755,2,2,0,0,4
16938697,2,0,1,1,4
16938605,0,2,2,0,4
16938420,2,0,2,0,4
16930695,1,1,2,0,4
16956194,2,1,0,1,4
16938335,3,1,0,0,4
16930455,2,1,1,0,4
16956259,0,2,1,1,4
16944033,0,2,1,1,4
16928142,0,2,1,1,4
16944316,1,1,1,1,4
16945573,1,1,2,0,4
16948904,1,2,0,1,4
16936540,1,0,2,1,4
16956376,3,0,1,0,4
16951356,3,0,0,1,4
16928803,1,0,2,1,4
16951748,1,2,0,1,4
16935828,3,0,0,1,4
16935804,0,2,2,0,4
16944132,3,1,0,0,4
16935663,0,2,1,1,4
16935375,2,1,0,1,4
16935349,2,0,1,1,4
16935228,0,2,2,0,4
16956751,1,2,1,0,4
16952662,3,0,1,0,4
16934881,2,1,0,1,4
16996871,3,0,2,0,5
16996805,1,2,1,1,5
16996718,2,2,0,1,5
16942999,3,2,0,0,5
16959997,2,1,1,1,5
16921279,1,2,2,0,5
16995045,3,1,0,1,5
16994858,2,1,1,1,5
16932639,2,2,1,0,5
16994404,2,2,0,1,5
16944283,3,2,0,0,5
16994056,3,1,1,0,5
16959978,2,0,2,1,5
16932466,1,2,1,1,5
16993653,3,2,0,0,5
16993524,3,0,1,1,5
16993505,1,2,1,1,5
16993299,1,2,1,1,5
16992976,2,0,2,1,5
16992889,2,2,1,0,5
16959703,3,0,2,0,5
16992539,2,2,1,0,5
16992426,2,1,2,0,5
16992405,3,1,1,0,5
16991913,0,2,2,1,5
16991883,1,2,2,0,5
16989505,3,1,0,1,5
16989492,2,2,0,1,5
16989489,3,0,1,1,5
16989466,2,1,1,1,5
16989412,2,2,1,0,5
16922846,3,1,0,1,5
16928682,3,0,2,0,5
16922857,3,0,1,1,5
16989063,0,2,2,1,5
16988821,2,2,0,1,5
16988774,2,0,2,1,5
16988640,2,1,2,0,5
16943238,1,2,2,0,5
16988192,1,2,2,0,5
16987693,2,1,1,1,5
16958924,3,1,1,0,5
16987479,2,2,0,1,5
16923276,0,2,2,1,5
16931893,0,2,2,1,5
16986961,3,1,0,1,5
16923309,1,1,2,1,5
16949005,3,1,1,0,5
16986148,2,1,1,1,5
16985897,3,0,1,1,5
16901603,3,0,1,1,5
16958771,3,2,0,0,5
16984937,3,1,1,0,5
16984458,2,2,0,1,5
16984070,3,0,2,0,5
16983474,3,1,1,0,5
16983181,3,1,1,0,5
16996920,3,0,1,1,5
16982881,1,2,2,0,5
16923990,1,1,2,1,5
16949368,3,1,1,0,5
16931453,1,2,2,0,5
16981706,1,2,2,0,5
16981662,0,2,2,1,5
16981607,1,1,2,1,5
16981201,2,2,0,1,5
16957935,1,2,1,1,5
16980534,3,0,1,1,5
16956677,1,2,1,1,5
16980300,3,1,0,1,5
16924456,3,2,0,0,5
16980253,3,0,1,1,5
16980032,0,2,2,1,5
16924560,1,2,2,0,5
16979833,1,1,2,1,5
16979766,3,1,0,1,5
16979692,3,1,0,1,5
16979509,2,2,0,1,5
16955200,2,1,2,0,5
16979252,3,0,1,1,5
16957801,2,0,2,1,5
16943525,3,0,1,1,5
16977632,2,2,1,0,5
16931263,1,2,2,0,5
16928973,2,1,2,0,5
16976940,3,1,1,0,5
16976875,2,0,2,1,5
16976461,3,0,2,0,5
16925010,1,1,2,1,5
16975604,2,2,1,0,5
16975312,2,2,1,0,5
16975284,1,1,2,1,5
16925053,2,0,2,1,5
16955987,3,0,2,0,5
16974365,1,1,2,1,5
16974217,2,2,1,0,5
16973977,3,2,0,0,5
16973883,1,1,2,1,5
16925122,0,2,2,1,5
16925262,2,1,2,0,5
16931055,1,1,2,1,5
16973088,2,1,1,1,5
16972994,2,1,2,0,5
16957721,1,1,2,1,5
16949210,2,0,2,1,5
16972088,3,2,0,0,5
16926994,1,1,2,1,5
16971840,1,1,2,1,5
16931019,2,0,2,1,5
16971371,2,2,1,0,5
16971246,2,1,1,1,5
16930914,1,1,2,1,5
16971105,2,1,2,0,5
16970998,3,1,1,0,5
16970916,1,2,2,0,5
16970840,1,2,2,0,5
16927257,2,2,1,0,5
16947677,3,1,0,1,5
16957211,2,1,1,1,5
16969561,2,2,0,1,5
16969421,3,1,0,1,5
16969138,3,1,0,1,5
16968760,3,0,2,0,5
16968015,1,2,1,1,5
16967538,2,1,1,1,5
16967453,2,2,1,0,5
16967205,3,1,0,1,5
16927443,2,0,2,1,5
16966987,3,1,1,0,5
16966933,3,1,1,0,5
16927445,2,2,1,0,5
16966244,2,1,2,0,5
16927480,0,2,2,1,5
16949887,2,0,2,1,5
16927519,3,2,0,0,5
16948758,3,0,2,0,5
16928881,1,2,1,1,5
16950018,2,0,2,1,5
16940346,1,2,2,0,5
16940259,1,1,2,1,5
16940118,2,1,1,1,5
16942334,2,2,1,0,5
16920823,1,1,2,1,5
16911466,2,1,1,1,5
16928206,3,1,0,1,5
16944058,2,0,2,1,5
16956094,1,2,2,0,5
16910639,1,2,2,0,5
16936629,1,2,2,0,5
16934587,2,1,1,1,5
16942903,2,1,2,0,5
16934579,2,2,1,0,5
16960303,2,1,1,1,5
16962194,3,1,1,0,5
16960417,2,1,1,1,5
16909327,3,1,1,0,5
16936628,3,1,0,1,5
16950369,0,2,2,1,5
16919785,2,1,1,1,5
16947461,1,2,2,0,5
16919455,2,1,2,0,5
16950174,1,1,2,1,5
16941971,1,1,2,1,5
16962514,3,0,1,1,5
16934455,2,1,2,0,5
16960428,3,2,0,0,5
16945064,1,2,1,1,5
16906850,1,1,2,1,5
16960442,2,2,0,1,5
16906667,3,2,0,0,5
16936494,1,1,2,1,5
16948922,1,2,2,0,5
16918645,1,1,2,1,5
16918586,0,2,2,1,5
16934184,2,2,0,1,5
16918584,2,2,1,0,5
16939772,1,2,1,1,5
16962793,2,1,1,1,5
16918321,2,1,2,0,5
16918288,2,2,1,0,5
16962808,2,1,2,0,5
16905673,2,2,1,0,5
16953185,1,2,2,0,5
16962867,1,1,2,1,5
16905419,2,1,1,1,5
16905392,3,0,2,0,5
16918157,3,1,1,0,5
16930111,2,1,1,1,5
16918138,2,2,0,1,5
16928064,1,2,1,1,5
16917836,2,1,1,1,5
16904403,0,2,2,1,5
16960550,2,1,2,0,5
16917612,2,0,2,1,5
16903729,3,0,1,1,5
16960610,3,0,2,0,5
16950646,2,1,1,1,5
16963133,2,2,0,1,5
16902824,2,2,1,0,5
16933444,2,1,2,0,5
16902568,2,0,2,1,5
16963308,3,1,1,0,5
16939770,2,2,0,1,5
16939912,1,2,2,0,5
16939787,2,1,1,1,5
16901704,2,2,0,1,5
16901703,3,0,2,0,5
16941689,2,1,2,0,5
16933240,2,1,1,1,5
16963459,1,1,2,1,5
16946941,0,2,2,1,5
16944163,3,2,0,0,5
16901376,3,0,1,1,5
16941452,2,1,1,1,5
16901236,2,1,1,1,5
16942588,3,0,1,1,5
16961792,3,0,1,1,5
16963859,1,2,1,1,5
16937603,2,1,2,0,5
16900809,3,1,1,0,5
16945076,3,1,0,1,5
16900522,2,2,0,1,5
16964065,1,1,2,1,5
16900422,2,2,1,0,5
16964087,0,2,2,1,5
16964154,2,1,2,0,5
16938465,3,0,2,0,5
16899444,3,0,2,0,5
16933039,2,2,0,1,5
16899381,2,0,2,1,5
16899380,3,1,1,0,5
16941282,3,2,0,0,5
16914889,2,2,0,1,5
16914888,3,1,1,0,5
16914507,0,2,2,1,5
16898858,3,0,1,1,5
16898596,1,2,1,1,5
16941262,2,0,2,1,5
16896905,3,0,1,1,5
16937512,3,2,0,0,5
16949865,3,1,1,0,5
16941168,2,0,2,1,5
16964333,1,2,1,1,5
16914401,2,2,1,0,5
16914030,2,0,2,1,5
16896506,2,1,1,1,5
16937460,2,1,2,0,5
16948417,3,0,2,0,5
16896345,2,0,2,1,5
16952272,2,1,1,1,5
16896337,0,2,2,1,5
16896324,3,0,1,1,5
16965051,1,2,2,0,5
16942513,3,1,1,0,5
16896267,2,0,2,1,5
16946748,2,1,1,1,5
16896251,2,1,2,0,5
16948618,0,2,2,1,5
16938453,3,2,0,0,5
16952505,3,0,1,1,5
16954610,2,1,1,1,5
16949544,3,0,2,0,5
16896032,1,2,1,1,5
16950796,3,0,2,0,5
16947979,1,2,2,0,5
16940903,3,1,1,0,5
16961815,3,1,0,1,5
16921233,2,2,0,1,5
16912782,3,1,1,0,5
16965713,1,2,1,1,5
16912754,3,0,2,0,5
16912578,2,0,2,1,5
16890372,3,0,1,1,5
16965790,3,1,0,1,5
16961839,3,2,0,0,5
16912248,3,0,1,1,5
16962060,1,2,2,0,5
16887801,2,2,1,0,5
16942777,1,2,2,1,6
16985649,2,2,1,1,6
16985228,3,1,1,1,6
16984588,3,2,0,1,6
16984073,2,2,1,1,6
16983659,3,1,1,1,6
16982401,3,0,2,1,6
16982019,1,2,2,1,6
16980386,3,0,2,1,6
16979868,3,0,2,1,6
16979404,3,1,1,1,6
16977310,3,2,0,1,6
16977289,1,2,2,1,6
16977256,2,1,2,1,6
16975526,3,0,2,1,6
16905393,1,2,2,1,6
16975022,2,2,1,1,6
16974417,3,1,1,1,6
16918289,2,1,2,1,6
16974058,1,2,2,1,6
16973113,3,0,2,1,6
16972120,3,2,0,1,6
16971456,1,2,2,1,6
16971217,2,1,2,1,6
16904242,1,2,2,1,6
16968717,1,2,2,1,6
16966874,1,2,2,1,6
16945923,3,2,0,1,6
16950533,3,0,2,1,6
16903313,3,1,1,1,6
16963131,3,0,2,1,6
16950553,1,2,2,1,6
16938418,3,0,2,1,6
16917032,3,1,1,1,6
16938383,3,0,2,1,6
16916671,2,2,1,1,6
16948855,1,2,2,1,6
16916508,2,2,1,1,6
16941690,1,2,2,1,6
16960913,1,2,2,1,6
16945727,3,2,0,1,6
16937597,3,1,1,1,6
16916205,3,0,2,1,6
16901627,2,1,2,1,6
16936835,3,2,0,1,6
16936449,3,1,1,1,6
16950987,3,1,1,1,6
16951594,2,2,1,1,6
16953531,2,1,2,1,6
16915537,2,1,2,1,6
16963651,3,2,0,1,6
16932526,2,2,1,1,6
16915391,1,2,2,1,6
16954663,2,2,1,1,6
16954887,3,1,1,1,6
16954988,1,2,2,1,6
16931659,1,2,2,1,6
16964045,1,2,2,1,6
16931433,3,1,1,1,6
16900534,2,1,2,1,6
16931378,3,0,2,1,6
16931335,3,1,1,1,6
16900441,1,2,2,1,6
16944502,2,2,1,1,6
16930812,3,2,0,1,6
16930700,2,2,1,1,6
16930529,3,1,1,1,6
16899836,2,1,2,1,6
16930274,3,2,0,1,6
16929276,1,2,2,1,6
16973324,3,1,1,1,6
16928882,3,1,1,1,6
16928409,3,1,1,1,6
16899296,3,1,1,1,6
16928306,3,1,1,1,6
16956938,1,2,2,1,6
16927541,3,2,0,1,6
16899090,3,2,0,1,6
16926960,3,1,1,1,6
16898727,3,0,2,1,6
16926854,3,1,1,1,6
16898544,2,2,1,1,6
16897516,2,2,1,1,6
16926673,2,2,1,1,6
16926279,3,2,0,1,6
16926262,3,2,0,1,6
16925715,3,0,2,1,6
16943778,2,2,1,1,6
16949313,3,2,0,1,6
16964403,2,2,1,1,6
16943646,2,1,2,1,6
16924722,3,2,0,1,6
16957814,2,1,2,1,6
16911065,2,1,2,1,6
16958334,2,1,2,1,6
16964551,2,1,2,1,6
16923453,1,2,2,1,6
16922988,3,1,1,1,6
16922796,3,0,2,1,6
16943168,3,0,2,1,6
16964877,3,0,2,1,6
16959576,3,1,1,1,6
16896296,3,0,2,1,6
16994813,3,2,0,1,6
16909478,3,1,1,1,6
16994248,2,2,1,1,6
16994209,1,2,2,1,6
16960065,2,1,2,1,6
16994171,3,0,2,1,6
16993942,2,1,2,1,6
16962278,3,2,0,1,6
16992171,1,2,2,1,6
16962284,3,0,2,1,6
16920472,3,0,2,1,6
16991798,3,0,2,1,6
16990839,3,2,0,1,6
16960302,3,0,2,1,6
16908245,2,2,1,1,6
16893061,3,2,0,1,6
16940794,3,1,1,1,6
16920204,3,0,2,1,6
16965369,3,1,1,1,6
16989970,2,1,2,1,6
16942902,1,2,2,1,6
16989867,2,2,1,1,6
16989502,3,2,0,1,6
16989285,3,1,1,1,6
16987389,2,2,1,1,6
16906775,2,1,2,1,6
16888568,3,0,2,1,6
16906681,3,1,1,1,6
16940672,2,1,2,1,6
16888099,1,2,2,1,6
16888095,3,0,2,1,6
16940634,2,1,2,1,6
16888022,3,0,2,1,6
16887846,2,1,2,1,6
16986280,3,0,2,1,6
16937728,3,1,2,1,7
16907506,2,2,2,1,7
16962110,3,1,2,1,7
16920930,3,1,2,1,7
16907095,2,2,2,1,7
16906851,3,2,1,1,7
16928020,2,2,2,1,7
16956866,3,2,1,1,7
16950332,2,2,2,1,7
16950062,3,2,1,1,7
16989345,3,1,2,1,7
16927938,2,2,2,1,7
16940215,3,1,2,1,7
16922845,2,2,2,1,7
16920341,3,2,1,1,7
16960157,3,1,2,1,7
16927765,3,2,1,1,7
16929638,3,1,2,1,7
16957156,3,2,1,1,7
16962158,3,2,1,1,7
16949984,3,2,1,1,7
16891753,3,1,2,1,7
16929969,2,2,2,1,7
16940532,2,2,2,1,7
16966194,2,2,2,1,7
16966328,3,1,2,1,7
16967159,3,2,1,1,7
16969682,2,2,2,1,7
16962928,3,2,1,1,7
16969694,3,2,1,1,7
16989436,3,1,2,1,7
16922756,3,1,2,1,7
16946961,3,1,2,1,7
16940780,3,1,2,1,7
16971847,3,2,1,1,7
16904404,2,2,2,1,7
16930226,3,2,1,1,7
16904373,2,2,2,1,7
16957386,2,2,2,1,7
16937697,2,2,2,1,7
16989456,3,1,2,1,7
16963018,3,2,1,1,7
16957479,3,2,1,1,7
16928754,3,1,2,1,7
16989979,2,2,2,1,7
16926304,2,2,2,1,7
16990456,2,2,2,1,7
16931409,3,1,2,1,7
16944514,3,1,2,1,7
16908814,2,2,2,1,7
16902916,3,2,1,1,7
16957531,2,2,2,1,7
16926027,3,1,2,1,7
16971883,3,1,2,1,7
16963237,3,1,2,1,7
16990490,3,1,2,1,7
16925851,3,1,2,1,7
16902447,2,2,2,1,7
16991839,2,2,2,1,7
16902221,2,2,2,1,7
16928131,3,1,2,1,7
16918014,2,2,2,1,7
16888133,2,2,2,1,7
16929245,3,2,1,1,7
16925346,3,2,1,1,7
16973009,3,1,2,1,7
16956272,3,1,2,1,7
16963349,2,2,2,1,7
16973285,3,2,1,1,7
16934333,3,2,1,1,7
16973743,3,2,1,1,7
16992621,3,1,2,1,7
16974225,2,2,2,1,7
16994007,3,1,2,1,7
16975977,3,2,1,1,7
16916554,2,2,2,1,7
16940624,3,1,2,1,7
16963714,2,2,2,1,7
16977086,2,2,2,1,7
16924849,3,2,1,1,7
16996409,3,1,2,1,7
16977263,3,1,2,1,7
16946749,3,1,2,1,7
16966014,2,2,2,1,7
16996521,3,2,1,1,7
16978893,3,1,2,1,7
16978999,3,1,2,1,7
16979510,2,2,2,1,7
16979902,2,2,2,1,7
16913257,3,2,1,1,7
16960949,3,1,2,1,7
16915572,3,1,2,1,7
16983637,3,2,1,1,7
16964323,3,2,1,1,7
16980286,3,2,1,1,7
16899738,3,2,1,1,7
16980601,3,1,2,1,7
16981821,3,2,1,1,7
16958117,3,1,2,1,7
16924242,3,2,1,1,7
16914572,3,1,2,1,7
16982179,3,2,1,1,7
16982602,3,1,2,1,7
16924141,2,2,2,1,7
16949498,3,1,2,1,7
16934803,3,2,1,1,7
16982773,3,1,2,1,7
16898659,3,1,2,1,7
16983097,3,1,2,1,7
16958378,3,1,2,1,7
16983592,3,2,1,1,7
16896897,3,2,1,1,7
16984676,2,2,2,1,7
16896586,3,1,2,1,7
16943317,2,2,2,1,7
16952391,2,2,2,1,7
16949592,3,1,2,1,7
16958690,3,2,1,1,7
16912831,2,2,2,1,7
16964440,3,1,2,1,7
16984815,3,1,2,1,7
16896395,2,2,2,1,7
16896390,3,2,1,1,7
16896379,3,2,1,1,7
16986749,3,1,2,1,7
16986783,2,2,2,1,7
16912247,3,1,2,1,7
16987455,3,1,2,1,7
16911619,3,1,2,1,7
16923260,3,2,1,1,7
16988266,3,2,1,1,7
16988469,3,2,1,1,7
16911351,3,2,1,1,7
16923054,2,2,2,1,7
16910847,2,2,2,1,7
16939053,3,2,2,1,8
16943904,3,2,2,1,8
16950060,3,2,2,1,8
16949292,3,2,2,1,8
16920157,3,2,2,1,8
16970619,3,2,2,1,8
16927176,3,2,2,1,8
16971279,3,2,2,1,8
16930744,3,2,2,1,8
16918657,3,2,2,1,8
16963122,3,2,2,1,8
16903395,3,2,2,1,8
16926226,3,2,2,1,8
16972823,3,2,2,1,8
16931952,3,2,2,1,8
16932733,3,2,2,1,8
16932960,3,2,2,1,8
16960653,3,2,2,1,8
16974440,3,2,2,1,8
16916553,3,2,2,1,8
16901002,3,2,2,1,8
16978461,3,2,2,1,8
16944193,3,2,2,1,8
16915640,3,2,2,1,8
16942546,3,2,2,1,8
16984141,3,2,2,1,8
16924455,3,2,2,1,8
16987527,3,2,2,1,8
16965559,3,2,2,1,8
16923511,3,2,2,1,8
16913188,3,2,2,1,8
16964358,3,2,2,1,8
16981937,3,2,2,1,8
16985118,3,2,2,1,8
16948529,3,2,2,1,8
16964328,3,2,2,1,8
16896367,3,2,2,1,8
16991227,3,2,2,1,8
16986314,3,2,2,1,8
16989144,3,2,2,1,8
16951937,3,2,2,1,8
16922899,3,2,2,1,8
16989220,3,2,2,1,8
16995315,3,2,2,1,8
16965146,3,2,2,1,8
16949496,3,2,2,1,8
16985878,3,2,2,1,8
16962396,3,2,2,1,8
16948380,3,2,2,1,8
16909626,3,2,2,1,8
